{
  "timestamp": "2025-11-23T10:27:28.989882",
  "protein": "Ubiquitin_model",
  "n_bonds": 10,
  "folded": false,
  "cycles_to_fold": null,
  "final_stability": 0.00815159116380663,
  "final_coherence": 0.0014242534160038907,
  "em_field": {
    "f_H_plus": 40000000000000.0,
    "f_O2": 10000000000000.0,
    "f_GroEL": 1.0,
    "n_O2_states": 25110,
    "subharmonic_ratio": 4.0
  },
  "categorical_configs": {
    "H_plus_cycles": 40000000000000.0,
    "O2_cycles": 10000000000000.0,
    "total_configurations": 2.511e+17,
    "configurations_per_second": 2.511e+17
  },
  "pathway": [],
  "critical_cycles": []
}