{
  "timestamp": "20251011_071637",
  "observer": "attosecond",
  "precision_target_s": 9.4e-17,
  "precision_achieved_s": 1.4144271570014144e-19,
  "precision_achieved_as": 0.14144271570014144,
  "harmonic_analysis": {
    "fundamental_frequency_Hz": 70700000000000.0,
    "max_harmonic": 100,
    "total_harmonics_found": 100,
    "sub_harmonic_resolution": 1000
  },
  "fft_parameters": {
    "samples": 16384,
    "duration_ps": 1.4144271570014144
  },
  "status": "success"
}