{
  "timestamp": "20251011_071111",
  "observer": "femtosecond",
  "precision_target_s": 1e-13,
  "precision_achieved_s": 3.103893541746716e-12,
  "precision_achieved_fs": 3103.893541746716,
  "quantum_analysis": {
    "frequency_Hz": 70700000000000.0,
    "base_coherence_fs": 100.0,
    "heisenberg_linewidth_GHz": 795.7747154594767,
    "base_precision_fs": 1256.6370614359173
  },
  "led_enhancement": {
    "enhancement_factor": 2.47,
    "enhanced_coherence_fs": 247.0,
    "enhanced_precision_fs": 3103.893541746716
  },
  "status": "close"
}