{
  "timestamp": "20251011_092109",
  "observer": "nanosecond",
  "precision_target_s": 1e-09,
  "precision_achieved_s": 1.6552366363296126e-08,
  "precision_achieved_ns": 16.552366363296127,
  "hardware_clocks": {
    "cpu_clock": {
      "frequency_Hz": 3200000000.0,
      "precision_s": 3.125e-10,
      "stability": 0.95
    },
    "system_clock": {
      "frequency_Hz": 1000000000.0,
      "precision_s": 1e-09,
      "stability": 0.9
    },
    "tsc_clock": {
      "frequency_Hz": 2800000000.0,
      "precision_s": 3.5714285714285715e-10,
      "stability": 0.98
    },
    "hpet_clock": {
      "frequency_Hz": 14318000.0,
      "precision_s": 6.98421567257997e-08,
      "stability": 0.85
    }
  },
  "measurements": {
    "count": 100,
    "mean_ns": 772107.0,
    "std_ns": 202397.7511016365,
    "jitter_percent": 26.213692027353268
  },
  "status": "close"
}