{
  "timestamp": "20251011_071036",
  "observer": "picosecond",
  "precision_target_s": 1e-12,
  "precision_achieved_s": 1.2021390487794844e-14,
  "precision_achieved_ps": 0.012021390487794844,
  "molecule": {
    "type": "N2",
    "vibrational_frequency_Hz": 70702356688515.45,
    "vibrational_period_s": 1.4143800105639692e-14
  },
  "ensemble": {
    "size": 1000,
    "mean_period_ps": 0.01414281233858217,
    "std_period_fs": 0.014099492534622978
  },
  "led_spectroscopy": {
    "wavelengths_nm": [
      365,
      470,
      525,
      590,
      625
    ],
    "excitation_efficiency": 0.85
  },
  "status": "success"
}