{
  "timestamp": "20251011_085807",
  "observer": "trans_planckian",
  "precision_target_s": 5.39116e-45,
  "precision_achieved_s": 7.511154627619322e-50,
  "planck_analysis": {
    "planck_time_s": 5.39116e-44,
    "ratio_to_planck": 1.3932353385207122e-06,
    "orders_below_planck": 5.855975518473129
  },
  "network_analysis": {
    "total_nodes": 260000,
    "total_edges": 25794141,
    "avg_degree": 198.41646923076922,
    "density": 0.0007631432014383487,
    "redundancy_factor": 198.41646923076922,
    "graph_enhancement": 7175.993927991298
  },
  "method": "Harmonic network graph with shared frequency convergence",
  "status": "success"
}