{
  "image_name": "moriarty.JPEG",
  "timestamp": "20251128_042607",
  "front_stats": {
    "s_k": {
      "mean": 0.5389130682910419,
      "std": 0.47511379008525706,
      "min": -0.9607843137254902,
      "max": 0.9607843137254901
    }
  },
  "back_stats": {
    "s_k": {
      "mean": 0.5389130682910419,
      "std": 0.47511379008525706,
      "min": -0.9607843137254902,
      "max": 0.9607843137254901
    }
  },
  "conjugacy_error": 1.3426933150711264,
  "correlation": 0.9999999999999999,
  "verified": false
}