{
  "atmospheric_conditions": {
    "temperature_c": 15.0,
    "pressure_hpa": 1013.25,
    "humidity_pct": 60.0
  },
  "body_geometry": {
    "surface_area_m2": 1.8481430181213463,
    "boundary_layer_volume_m3": 0.07299216346804957
  },
  "molecular_interface": {
    "contact_molecules_total": 1.8590494501674062e+24,
    "contact_molecules_o2": 3.8553658805353865e+23,
    "collision_rate_per_second": 1.065580883107949e+27,
    "oid_bits_per_molecule_per_second": 3172592849125301.0,
    "information_transfer_rate_bits_per_second": 3.380654289912902e+30
  },
  "bandwidth_comparison": {
    "neural_bandwidth_surplus": 3.3806542899129023e+22,
    "consciousness_bandwidth_surplus": 6.761308579825805e+28
  },
  "validation_8000x": {
    "oid_with_o2": 3172592849125301.0,
    "oid_without_o2": 396574106140.6626,
    "enhancement_factor": 89.44271909999159,
    "expected_factor": 89.44271909999159,
    "match_percentage": 100.0,
    "hypothesis_validated": 