{
  "timestamp": "20251123_031637",
  "experiment": "molecular_demon_lattice",
  "species": "CO2",
  "lattice_size": [
    4,
    4,
    4
  ],
  "num_molecules": 64,
  "vibrational_modes_hz": [
    40172189372000.0,
    19996156948600.0,
    19996156948600.0,
    70421248384200.0
  ],
  "observations": 1128,
  "collective_state": {
    "average_s_category": {
      "s_k": 0.9050482593173009,
      "s_t": 0.32499999999999996,
      "s_e": 0.5413912204011978
    },
    "variance": {
      "s_k": 0.0,
      "s_t": 0.034125,
      "s_e": 0.0032867668736994674
    },
    "collective_coherence": 0.9639373987568677,
    "num_demons": 64,
    "observation_connections": 1128
  },
  "mode_prediction": {
    "mode_index": 3,
    "true_value_hz": 70421248384200.0,
    "predicted_hz": 70421940690107.52,
    "uncertainty_hz": 185795644424.70486,
    "num_observations": 1128,
    "enhancement_factor": 33.58571124749333,
    "error_hz": 692305907.515625,
    "error_percent": 0.0009830923526640484
  }
}