{
  "start_time_ns": 1024557986052500,
  "end_time_ns": 1024568136874900,
  "duration_s": 10.150822299998254,
  "planned_duration_s": 10.0,
  "sample_rate_hz": 1000,
  "total_measurements": 9985,
  "actual_sample_rate_hz": 983.6641510315591
}