{
  "instrument": "Categorical Transport Decomposer",
  "principle": "Decomposes \u039e = (1/N) \u03a3 \u03c4_ij g_ij into channel contributions",
  "electrical_channels": [
    "phonon",
    "impurity",
    "electron",
    "boundary"
  ],
  "thermal_channels": [
    "normal",
    "umklapp",
    "boundary",
    "impurity"
  ],
  "example_300K": {
    "electrical": {
      "phonon": 9.082652134423252,
      "impurity": 45.41326067211626,
      "electron": 0.09082652134423252,
      "boundary": 45.41326067211626
    },
    "thermal": {
      "normal": 28.27424249913917,
      "umklapp": 1.0401512530129162,
      "boundary": 28.27424249913917,
      "impurity": 42.41136374870875
    }
  },
  "validates": "Matthiessen's rule (\u03c1 = \u03a3\u03c1\u1d62)"
}