{
  "instrument": "Entropy Production Camera",
  "principle": "Maps local entropy production \u03c3\u0307 = J\u00b7\u2207(1/T)",
  "grid_size": [
    50,
    50
  ],
  "domain_mm": [
    10,
    8
  ],
  "scenarios": {
    "gradient": {
      "total_entropy_production": 12.469829665634903,
      "max_T_K": 400.0,
      "min_T_K": 200.0
    },
    "hotspot": {
      "total_entropy_production": 7.9399040462477615,
      "max_T_K": 399.57400448995185,
      "min_T_K": 300.00353575008506
    },
    "defect": {
      "total_entropy_production": 28.565512221274865,
      "max_T_K": 400.0,
      "min_T_K": 200.0
    },
    "superconductor": {
      "total_entropy_production": 15.934228766886129,
      "max_T_K": 371.42857142857144,
      "min_T_K": 200.0
    }
  }
}