{
  "total_positions": 48,
  "disagreement_positions": 43,
  "disagreement_indices": [
    5,
    6,
    7,
    8,
    9,
    10,
    11,
    12,
    13,
    14,
    15,
    16,
    17,
    18,
    19,
    20,
    21,
    22,
    23,
    24,
    25,
    26,
    27,
    28,
    29,
    30,
    31,
    32,
    33,
    34,
    35,
    36,
    37,
    38,
    39,
    40,
    41,
    42,
    43,
    44,
    45,
    46,
    47
  ],
  "agreement_percentage": 10.416666666666668,
  "p_random": 1.0000000000000025e-43,
  "confidence_level": 1.0,
  "statistical_significance": "HIGHLY SIGNIFICANT",
  "mean_separation_m": 60.183058646674645,
  "std_separation_m": 34.183648946771605,
  "max_separation_m": 148.50561059571186,
  "threshold_m": 10.0,
  "interpretation": "If watches were random, probability of this pattern is 1.00e-43"
}