{
  "timestamp": "20251105_122244",
  "experiment": "quantum_molecular_vibrations",
  "frequency_Hz": 71000000000000.0,
  "coherence_time_fs": 247.0,
  "heisenberg_linewidth_Hz": 322175998161.73145,
  "temporal_precision_fs": 3103.893541746716,
  "energy_levels_J": [
    2.3522549018087283e-20,
    7.056764705426184e-20,
    1.1761274509043642e-19,
    1.6465784312661097e-19,
    2.1170294116278555e-19,
    2.587480391989601e-19
  ],
  "led_enhancement": {
    "base_coherence_fs": 100.0,
    "enhanced_coherence_fs": 247.0,
    "enhancement_factor": 2.47,
    "natural_precision_fs": 1256.6370614359173,
    "enhanced_precision_fs": 3103.893541746716,
    "precision_improvement": 0.4048582995951417
  },
  "thermal_population": {
    "v=0": 0.9999883267259698,
    "v=1": 1.1673137764908224e-05,
    "v=2": 1.362637359224559e-10
  }
}