{
  "entropy_enhancement": 0.1979960400791984,
  "convergence_enhancement": 15.866666666666665,
  "information_enhancement": 33.93106435606586,
  "total_enhancement": 106.59569986701915,
  "base_precision_as": 94.0,
  "enhanced_precision_zs": 0.0008818366980775715,
  "target_zs": 47.0,
  "status": "SUCCESS",
  "improvement_needed": 1.0
}