{
  "timestamp": "2025-11-19T17:34:49.711309",
  "key_insight": "Atmospheric molecules ARE the satellite constellation",
  "fundamental_identity": "Oscillator = Clock = Processor = BMD = Virtual Spectrometer = Satellite",
  "planet_radius_km": 6400,
  "target_distance_pc": 10,
  "molecular_clock_network": {
    "H2O": {
      "frequency_Hz": 22235000000.0,
      "period_ns": 0.04497413986957499,
      "processing_rate_Hz": 22235000000.0,
      "thermal_velocity_km_s": 0.5885452762266253,
      "wavelength_m": 0.013492241960872498,
      "harmonic_links": 0,
      "clock_precision_ns": 4.4974139869574995e-05,
      "search_space_steps_per_sec": 22235000000.0,
      "bmd_navigation_speed": 13086304216.899014
    },
    "CO2": {
      "frequency_Hz": 15000000000.0,
      "period_ns": 0.06666666666666667,
      "processing_rate_Hz": 15000000000.0,
      "thermal_velocity_km_s": 0.3764348234976814,
      "wavelength_m": 0.02,
      "harmonic_links": 1,
      "clock_precision_ns": 6.666666666666667e-05,
      "search_space_steps_per_sec": 15000000000.0,
      "bmd_navigation_speed": 5646522352.465221
    },
    "O2": {
      "frequency_Hz": 60000000000.0,
      "period_ns": 0.016666666666666666,
      "processing_rate_Hz": 60000000000.0,
      "thermal_velocity_km_s": 0.441408957169969,
      "wavelength_m": 0.005,
      "harmonic_links": 2,
      "clock_precision_ns": 1.6666666666666667e-05,
      "search_space_steps_per_sec": 60000000000.0,
      "bmd_navigation_speed": 26484537430.19814
    },
    "CH4": {
      "frequency_Hz": 3300000000.0,
      "period_ns": 0.30303030303030304,
      "processing_rate_Hz": 3300000000.0,
      "thermal_velocity_km_s": 0.6242465337827348,
      "wavelength_m": 0.09090909090909091,
      "harmonic_links": 0,
      "clock_precision_ns": 0.00030303030303030303,
      "search_space_steps_per_sec": 3300000000.0,
      "bmd_navigation_speed": 2060013561.4830246
    },
    "O3": {
      "frequency_Hz": 11000000000.0,
      "period_ns": 0.09090909090909091,
      "processing_rate_Hz": 11000000000.0,
      "thermal_velocity_km_s": 0.3604089043201527,
      "wavelength_m": 0.02727272727272727,
      "harmonic_links": 0,
      "clock_precision_ns": 9.090909090909092e-05,
      "search_space_steps_per_sec": 11000000000.0,
      "bmd_navigation_speed": 3964497947.52168
    },
    "N2": {
      "frequency_Hz": 2500000000.0,
      "period_ns": 0.4,
      "processing_rate_Hz": 2500000000.0,
      "thermal_velocity_km_s": 0.47188602433805626,
      "wavelength_m": 0.12,
      "harmonic_links": 0,
      "clock_precision_ns": 0.0004,
      "search_space_steps_per_sec": 2500000000.0,
      "bmd_navigation_speed": 1179715060.8451407
    }
  },
  "harmonic_network_density": 0.1,
  "search_space_volume": 125000.0,
  "architecture": {
    "n_altitude_rings": 100,
    "molecules_per_ring": 1000000,
    "total_molecular_nodes": 100000000,
    "hierarchy_depth": 17,
    "note": "Each ring represents an altitude layer with distinct molecular composition"
  },
  "performance": {
    "angular_resolution_nanoarcsec": 1707599.910256794,
    "surface_resolution_km": 2558084.13740411,
    "spectral_resolution": 1000000000.0,
    "avg_station_separation_km": 0.06031857894892403
  },
  "comparison": {
    "physical_satellites_cost": 10000000000.0,
    "virtual_molecular_network_cost": 1000,
    "cost_reduction_factor": 10000000.0,
    "resolution_improvement": 0.0058561727134877695,
    "note": "Virtual = using pre-existing atmospheric molecules as network nodes"
  },
  "validation": {
    "spectral_uniqueness": "Low",
    "mean_spectral_distance": 0.12856634409623433,
    "molecular_network_validated": true,
    "oscillator_processor_clock_identity_confirmed": true
  }
}