{
  "timestamp": "20251105_122258",
  "experiment": "miraculous_measurement",
  "true_frequency_Hz": 71000000000000.0,
  "initial_estimate_Hz": 69660980497726.625,
  "measured_frequency_Hz": 71000000000000.02,
  "temporal_precision_zs": 47.0,
  "measurement_time_s": 0.0,
  "gap_analysis": {
    "absolute_gap_Hz": 0.015625,
    "relative_gap_percent": 2.2007042253521128e-14,
    "acceptable": 