{
  "description": "Ideal gas law validation data",
  "temperature_K": 300,
  "density_particles_m3": [
    10000000000.0,
    15199110829.529331,
    23101297000.83158,
    35111917342.151276,
    53366992312.06302,
    81113083078.96889,
    123284673944.20634,
    187381742286.0387,
    284803586843.5805,
    432876128108.30615,
    657933224657.5682,
    1000000000000.0,
    1519911082952.933,
    2310129700083.158,
    3511191734215.1274,
    5336699231206.302,
    8111308307896.889,
    12328467394420.635,
    18738174228603.867,
    28480358684358.047,
    43287612810830.62,
    65793322465756.82,
    100000000000000.0,
    151991108295293.3,
    231012970008315.8,
    351119173421514.2,
    533669923120630.2,
    811130830789688.9,
    1232846739442063.5,
    1873817422860386.8,
    2848035868435805.0,
    4328761281083061.5,
    6579332246575682.0,
    1e+16,
    1.519911082952927e+16,
    2.310129700083158e+16,
    3.5111917342151416e+16,
    5.3366992312063016e+16,
    8.11130830789689e+16,
    1.2328467394420634e+17,
    1.873817422860387e+17,
    2.8480358684357933e+17,
    4.328761281083062e+17,
    6.57933224657571e+17,
    1e+18,
    1.519911082952927e+18,
    2.310129700083158e+18,
    3.511191734215142e+18,
    5.336699231206302e+18,
    8.111308307896889e+18,
    1.2328467394420734e+19,
    1.8738174228603867e+19,
    2.848035868435793e+19,
    4.328761281083062e+19,
    6.579332246575709e+19,
    1e+20,
    1.5199110829529268e+20,
    2.310129700083158e+20,
    3.5111917342151416e+20,
    5.336699231206302e+20,
    8.11130830789689e+20,
    1.2328467394420736e+21,
    1.8738174228603868e+21,
    2.848035868435793e+21,
    4.3287612810830613e+21,
    6.57933224657571e+21,
    1e+22,
    1.519911082952927e+22,
    2.310129700083158e+22,
    3.511191734215142e+22,
    5.336699231206302e+22,
    8.11130830789689e+22,
    1.2328467394420734e+23,
    1.8738174228603868e+23,
    2.848035868435793e+23,
    4.328761281083061e+23,
    6.57933224657571e+23,
    1e+24,
    1.519911082952927e+24,
    2.310129700083158e+24,
    3.511191734215142e+24,
    5.336699231206302e+24,
    8.111308307896889e+24,
    1.2328467394420734e+25,
    1.8738174228603868e+25,
    2.8480358684357932e+25,
    4.328761281083061e+25,
    6.579332246575709e+25,
    1e+26,
    1.5199110829529394e+26,
    2.310129700083158e+26,
    3.511191734215142e+26,
    5.3366992312063015e+26,
    8.111308307896889e+26,
    1.2328467394420634e+27,
    1.8738174228603868e+27,
    2.8480358684357933e+27,
    4.3287612810830617e+27,
    6.57933224657571e+27,
    1e+28
  ],
  "Z_classical": [
    1.0,
    1.0,
    1.0,
    1.0,
    1.0,
    1.0,
    1.0,
    1.0,
    1.0,
    1.0,
    1.0,
    1.0,
    1.0,
    1.0,
    1.0,
    1.0,
    1.0,
    1.0,
    1.0,
    1.0,
    1.0,
    1.0,
    1.0,
    1.0,
    1.0,
    1.0,
    1.0,
    1.0,
    1.0,
    1.0,
    1.0,
    1.0,
    1.0,
    1.0,
    1.0,
    1.0,
    1.0,
    1.0,
    1.0,
    1.0,
    1.0,
    1.0,
    1.0,
    1.0,
    1.0,
    1.0,
    1.0,
    1.0,
    1.0,
    1.0,
    1.0,
    1.0,
    1.0,
    1.0,
    1.0,
    1.0,
    1.0,
    1.0,
    1.0,
    1.0,
    1.0,
    1.0,
    1.0,
    1.0,
    1.0,
    1.0,
    1.0,
    1.0,
    1.0,
    1.0,
    1.0,
    1.0,
    1.0,
    1.0,
    1.0,
    1.0,
    1.0,
    1.0,
    1.0,
    1.0,
    1.0,
    1.0,
    1.0,
    1.0,
    1.0,
    1.0,
    1.0,
    1.0,
    1.0,
    1.0,
    1.0,
    1.0,
    1.0,
    1.0,
    1.0,
    1.0,
    1.0,
    1.0,
    1.0,
    1.0
  ],
  "Z_categorical": [
    1.0,
    1.0,
    1.0,
    1.0,
    1.0,
    1.0,
    1.0,
    1.0,
    1.0,
    1.0,
    1.0,
    1.0,
    1.0,
    1.0,
    1.0,
    1.0,
    1.0,
    1.0,
    1.0,
    1.0,
    1.0,
    1.0,
    1.0,
    1.0,
    1.0,
    1.0,
    1.0,
    1.0,
    1.0,
    1.0,
    1.0,
    1.0,
    1.0,
    1.0,
    1.0,
    1.0,
    1.0,
    1.0,
    1.0,
    1.0,
    1.0,
    1.0,
    1.0,
    1.0,
    1.0,
    1.0,
    1.0,
    1.0,
    1.0,
    1.0,
    1.0,
    1.0,
    1.0,
    1.0,
    1.0,
    1.0,
    1.0,
    1.0,
    1.0,
    1.0,
    1.0,
    1.0,
    1.0,
    1.0,
    1.0,
    1.0,
    1.0,
    0.9999999999999998,
    0.9999999999999996,
    0.9999999999999987,
    0.9999999999999972,
    0.9999999999999934,
    0.9999999999999849,
    0.9999999999999648,
    0.9999999999999191,
    0.9999999999998126,
    0.999999999999567,
    0.9999999999989998,
    0.9999999999976897,
    0.9999999999946634,
    0.9999999999876716,
    0.9999999999715197,
    0.9999999999342066,
    0.9999999998480089,
    0.9999999996488809,
    0.9999999991888691,
    0.9999999981261828,
    0.9999999956712385,
    0.9999999900000003,
    0.9999999768987035,
    0.9999999466330105,
    0.9999998767153412,
    0.9999997151964941,
    0.9999993420672082,
    0.9999984800912273,
    0.9999964888205942,
    0.999991888757485,
    0.9999812621768839,
    0.9999567142609254,
    0.999900009999
  ],
  "ideal_gas_law": "PV = Nk_BT",
  "categorical_form": "M_boundary/V = M_total/N"
}