{
  "description": "Internal energy perspectives data",
  "N_particles": 6.02214076e+23,
  "temperature_K": [
    0.1,
    0.11233240329780274,
    0.12618568830660204,
    0.1417474162926805,
    0.1592282793341092,
    0.1788649529057435,
    0.20092330025650468,
    0.22570197196339203,
    0.25353644939701114,
    0.2848035868435802,
    0.31992671377973836,
    0.35938136638046275,
    0.40370172585965547,
    0.4534878508128582,
    0.509413801481638,
    0.5722367659350217,
    0.6428073117284321,
    0.7220809018385463,
    0.8111308307896871,
    0.9111627561154891,
    1.0235310218990263,
    1.1497569953977356,
    1.291549665014884,
    1.4508287784959395,
    1.6297508346206444,
    1.8307382802953678,
    2.0565123083486516,
    2.3101297000831593,
    2.595024211399736,
    2.9150530628251756,
    3.2745491628777286,
    3.678379771828632,
    4.132012400115337,
    4.641588833612779,
    5.214008287999684,
    5.857020818056667,
    6.579332246575679,
    7.390722033525779,
    8.302175681319744,
    9.326033468832199,
    10.476157527896651,
    11.768119524349979,
    13.219411484660288,
    14.84968262254465,
    16.68100537200059,
    18.73817422860383,
    21.049041445120196,
    23.644894126454073,
    26.560877829466868,
    29.836472402833405,
    33.51602650938841,
    37.64935806792467,
    42.29242874389499,
    47.50810162102798,
    53.36699231206307,
    59.94842503189409,
    67.34150657750821,
    75.64633275546291,
    84.97534359086438,
    95.45484566618337,
    107.22672220103232,
    120.45035402587824,
    135.3047774579806,
    151.99110829529332,
    170.73526474706904,
    191.79102616724887,
    215.44346900318845,
    242.0128264794381,
    271.85882427329403,
    305.3855508833416,
    343.04692863149194,
    385.3528593710527,
    432.8761281083057,
    486.26015800653533,
    546.2277217684342,
    613.590727341317,
    689.2612104349695,
    774.263682681127,
    869.7490026177834,
    977.0099572992247,
    1097.4987654930567,
    1232.8467394420659,
    1384.8863713938717,
    1555.6761439304723,
    1747.5284000076829,
    1963.0406500402723,
    2205.1307399030457,
    2477.076355991709,
    2782.559402207126,
    3125.7158496882353,
    3511.1917342151273,
    3944.206059437656,
    4430.621457583878,
    4977.023564332114,
    5590.810182512223,
    6280.291441834246,
    7054.8023107186455,
    7924.82898353917,
    8902.150854450392,
    10000.0
  ],
  "classical_energy_J": [
    1.247169392722986,
    1.4009753520403418,
    1.5737492825567685,
    1.7678303909779463,
    1.9858463644144695,
    2.230748946948816,
    2.505853903648031,
    2.81488591309964,
    3.1620289962761245,
    3.5519831644903612,
    3.9900280534053683,
    4.482094404646786,
    5.034844362816078,
    5.655761675055244,
    6.353253014385621,
    7.136761798649465,
    8.016896046062438,
    9.005571998428458,
    10.116175456548651,
    11.363743012163567,
    12.76516563014946,
    14.339417337291987,
    16.107812113881888,
    18.094292466218125,
    20.325753587036086,
    22.832407492706974,
    25.648192067305338,
    28.811230551640474,
    32.364347698328544,
    36.355649581189546,
    40.839174909077784,
    45.875626662360304,
    51.53319395775692,
    57.88847526886642,
    65.02751550197182,
    73.0469709682162,
    82.05541802484548,
    92.17482310336737,
    103.54219402751087,
    116.31143497837695,
    130.65543022137203,
    146.76838480675076,
    164.86845393479038,
    185.2006965848809,
    208.04039339806843,
    233.69677373425347,
    262.51720236511517,
    294.8918824868902,
    331.25913872765614,
    372.11135167637866,
    418.0016242820144,
    469.5512703798386,
    527.4582267330367,
    592.5065024811937,
    665.5767939328796,
    747.658408417268,
    839.8626586332188,
    943.437908843516,
    1059.786476626454,
    1190.4836190196027,
    1337.298860111378,
    1502.2199488372323,
    1687.4797713478843,
    1895.5865823193456,
    2129.357964510003,
    2391.958976347261,
    2686.9450040284,
    3018.309898315342,
    3390.5400477530907,
    3808.675120415516,
    4278.376296568233,
    4806.00291605862,
    5398.698578171131,
    6064.487859663938,
    6812.384960463982,
    7652.515747987256,
    8596.25485245691,
    9656.379669368838,
    10847.243354162436,
    12184.969151291843,
    13687.668688742022,
    15375.687193504746,
    17271.878948016347,
    19401.916716994037,
    21794.639334037533,
    24482.44215401262,
    27501.715657596702,
    30893.33814630647,
    34703.22919866296,
    38982.97138080288,
    43790.50862895048,
    49190.93075923183,
    55257.35472640315,
    62071.91456296073,
    69726.87340153255,
    78325.87263635783,
    87985.33513639691,
    98836.04150834064,
    111024.90075073305,
    124716.9392722986
  ],
  "categorical_energy_J": [
    1.254818107869068,
    1.4095712432239123,
    1.5834101852045213,
    1.7786889423982108,
    1.998051900461218,
    2.2444696514743905,
    2.521279246961509,
    2.832229421475307,
    3.1815314014764624,
    3.5739159905201823,
    4.014697707598486,
    4.509846852081156,
    5.066070477434154,
    5.690903378337652,
    6.39281033375824,
    7.181301003982974,
    8.06705905491858,
    9.062087280760638,
    10.17987071951127,
    11.435560008317056,
    12.846177511338043,
    14.430849076677369,
    16.21106464650506,
    18.21097136269944,
    20.457703287299932,
    22.9817524028142,
    25.817386184331014,
    29.003117759029518,
    32.58223550898868,
    36.60339995620307,
    41.121316929041164,
    46.197497394086604,
    51.901116011647495,
    58.309982529584495,
    65.51164270194688,
    73.60462870274753,
    82.69988329601493,
    92.92238777179021,
    104.4130315650603,
    117.33077264991336,
    131.8551540289489,
    148.18926583696273,
    166.5632796010384,
    187.238739247173,
    210.51388659894866,
    236.73045194141255,
    266.28259621769644,
    299.62912864498753,
    337.3108836025119,
    379.97648209386494,
    428.42209670081024,
    483.65512565783973,
    546.9992834051457,
    620.2716041868655,
    706.0819166807812,
    808.3279700496876,
    932.9520320537243,
    1088.8655451463706,
    1288.3344188785468,
    1544.7874320207038,
    1865.46598563753,
    2241.9198235720455,
    2651.709215423738,
    3076.1339336743713,
    3513.71235971142,
    3976.3434623009625,
    4479.488501258905,
    5036.919335158702,
    5660.0904153826605,
    6359.243441887369,
    7144.583996436349,
    8027.076169098511,
    9018.910780986076,
    10133.810215368,
    11387.293821438203,
    12796.973530002622,
    14382.923525061187,
    16168.17192400544,
    18179.39229343703,
    20447.936475673298,
    23011.47555669338,
    25916.763347356937,
    29224.52500842499,
    33018.409631700095,
    37421.57545613036,
    42626.50652091918,
    48942.432496919784,
    56844.222734703966,
    66930.0672292476,
    79590.9832544563,
    94454.27652967516,
    110468.87256973,
    126940.76645370288,
    144055.83316414128,
    162436.30538887766,
    182686.58332301528,
    205281.48614482427,
    230613.95363144163,
    259057.54867828146,
    291006.12249827635
  ],
  "activation_temperatures_K": {
    "rotational": 100,
    "vibrational": 3000
  }
}