{
  "description": "Pressure perspectives data",
  "temperature_K": 300,
  "density_particles_m3": [
    10000000000.0,
    16681005372.000557,
    27825594022.07126,
    46415888336.12772,
    77426368268.11278,
    129154966501.48827,
    215443469003.18866,
    359381366380.4626,
    599484250318.9421,
    1000000000000.0,
    1668100537200.0557,
    2782559402207.126,
    4641588833612.772,
    7742636826811.277,
    12915496650148.826,
    21544346900318.777,
    35938136638046.26,
    59948425031894.21,
    100000000000000.0,
    166810053720005.56,
    278255940220712.6,
    464158883361277.25,
    774263682681127.8,
    1291549665014882.8,
    2154434690031877.8,
    3593813663804625.5,
    5994842503189421.0,
    1e+16,
    1.6681005372000558e+16,
    2.7825594022071144e+16,
    4.641588833612754e+16,
    7.742636826811278e+16,
    1.2915496650148827e+17,
    2.1544346900318778e+17,
    3.5938136638046406e+17,
    5.994842503189421e+17,
    1e+18,
    1.6681005372000558e+18,
    2.782559402207114e+18,
    4.641588833612754e+18,
    7.742636826811277e+18,
    1.2915496650148827e+19,
    2.1544346900318777e+19,
    3.5938136638046405e+19,
    5.994842503189421e+19,
    1e+20,
    1.6681005372000557e+20,
    2.7825594022071144e+20,
    4.641588833612754e+20,
    7.742636826811214e+20,
    1.2915496650148828e+21,
    2.154434690031878e+21,
    3.59381366380464e+21,
    5.994842503189421e+21,
    1e+22,
    1.6681005372000558e+22,
    2.7825594022071145e+22,
    4.641588833612754e+22,
    7.742636826811214e+22,
    1.2915496650148827e+23,
    2.1544346900318777e+23,
    3.59381366380464e+23,
    5.9948425031894214e+23,
    1e+24,
    1.6681005372000558e+24,
    2.7825594022071143e+24,
    4.6415888336127535e+24,
    7.742636826811214e+24,
    1.2915496650148827e+25,
    2.1544346900318778e+25,
    3.5938136638046406e+25,
    5.994842503189421e+25,
    1e+26,
    1.6681005372000556e+26,
    2.7825594022071146e+26,
    4.6415888336127534e+26,
    7.742636826811278e+26,
    1.2915496650148826e+27,
    2.1544346900318778e+27,
    3.5938136638046107e+27,
    5.994842503189421e+27,
    1e+28,
    1.6681005372000557e+28,
    2.7825594022071146e+28,
    4.641588833612753e+28,
    7.742636826811278e+28,
    1.2915496650148828e+29,
    2.154434690031878e+29,
    3.593813663804611e+29,
    5.994842503189372e+29,
    1e+30,
    1.6681005372000558e+30,
    2.7825594022071144e+30,
    4.6415888336127536e+30,
    7.742636826811278e+30,
    1.2915496650148827e+31,
    2.154434690031878e+31,
    3.593813663804611e+31,
    5.994842503189372e+31,
    1e+32
  ],
  "classical_pressure_Pa": [
    4.141947000000001e-11,
    6.90918401575416e-11,
    1.1525213568293598e-10,
    1.9225214944615925e-10,
    3.2069591376900495e-10,
    5.349530260359398e-10,
    8.923554301073503e-10,
    1.488538572335458e-09,
    2.4830319921557917e-09,
    4.1419470000000004e-09,
    6.909184015754159e-09,
    1.15252135682936e-08,
    1.9225214944615924e-08,
    3.206959137690049e-08,
    5.3495302603593985e-08,
    8.923554301073466e-08,
    1.488538572335458e-07,
    2.483031992155792e-07,
    4.1419470000000003e-07,
    6.90918401575416e-07,
    1.15252135682936e-06,
    1.9225214944615924e-06,
    3.2069591376900492e-06,
    5.349530260359399e-06,
    8.923554301073466e-06,
    1.4885385723354577e-05,
    2.483031992155791e-05,
    4.1419470000000003e-05,
    6.90918401575416e-05,
    0.00011525213568293551,
    0.00019225214944615845,
    0.000320695913769005,
    0.0005349530260359399,
    0.0008923554301073467,
    0.001488538572335464,
    0.0024830319921557912,
    0.004141947000000001,
    0.00690918401575416,
    0.011525213568293552,
    0.019225214944615848,
    0.03206959137690049,
    0.05349530260359399,
    0.08923554301073466,
    0.1488538572335464,
    0.24830319921557917,
    0.4141947,
    0.6909184015754161,
    1.152521356829355,
    1.9225214944615847,
    3.2069591376900233,
    5.3495302603593995,
    8.923554301073468,
    14.88538572335464,
    24.830319921557916,
    41.419470000000004,
    69.0918401575416,
    115.25213568293552,
    192.25214944615848,
    320.6959137690023,
    534.9530260359398,
    892.3554301073467,
    1488.5385723354639,
    2483.031992155791,
    4141.947,
    6909.18401575416,
    11525.213568293551,
    19225.214944615844,
    32069.591376900233,
    53495.302603593984,
    89235.54301073466,
    148853.8572335464,
    248303.19921557914,
    414194.7,
    690918.4015754159,
    1152521.3568293552,
    1922521.4944615846,
    3206959.1376900496,
    5349530.260359399,
    8923554.301073467,
    14885385.723354517,
    24830319.92155791,
    41419470.0,
    69091840.1575416,
    115252135.68293552,
    192252149.44615844,
    320695913.76900494,
    534953026.0359399,
    892355430.1073468,
    1488538572.3354516,
    2483031992.1557713,
    4141947000.0000005,
    6909184015.75416,
    11525213568.29355,
    19225214944.615845,
    32069591376.900494,
    53495302603.59399,
    89235543010.73466,
    148853857233.54517,
    248303199215.57712,
    414194700000.00006
  ],
  "categorical_pressure_Pa": [
    4.141947000000001e-11,
    6.90918401575416e-11,
    1.1525213568293598e-10,
    1.9225214944615925e-10,
    3.2069591376900495e-10,
    5.349530260359398e-10,
    8.923554301073503e-10,
    1.488538572335458e-09,
    2.4830319921557917e-09,
    4.1419470000000004e-09,
    6.909184015754159e-09,
    1.15252135682936e-08,
    1.9225214944615924e-08,
    3.206959137690049e-08,
    5.3495302603593985e-08,
    8.923554301073466e-08,
    1.488538572335458e-07,
    2.483031992155792e-07,
    4.1419470000000003e-07,
    6.90918401575416e-07,
    1.15252135682936e-06,
    1.9225214944615924e-06,
    3.2069591376900492e-06,
    5.349530260359399e-06,
    8.923554301073466e-06,
    1.4885385723354577e-05,
    2.483031992155791e-05,
    4.1419470000000003e-05,
    6.90918401575416e-05,
    0.00011525213568293551,
    0.00019225214944615845,
    0.000320695913769005,
    0.0005349530260359399,
    0.0008923554301073467,
    0.001488538572335464,
    0.0024830319921557912,
    0.004141947000000001,
    0.00690918401575416,
    0.011525213568293552,
    0.019225214944615848,
    0.03206959137690049,
    0.05349530260359399,
    0.08923554301073466,
    0.1488538572335464,
    0.24830319921557917,
    0.4141947,
    0.6909184015754161,
    1.152521356829355,
    1.9225214944615847,
    3.2069591376900233,
    5.3495302603593995,
    8.923554301073468,
    14.88538572335464,
    24.830319921557916,
    41.419470000000004,
    69.09184015754158,
    115.25213568293545,
    192.25214944615806,
    320.69591376900036,
    534.953026035931,
    892.3554301073053,
    1488.5385723352715,
    2483.0319921548985,
    4141.946999995857,
    6909.184015734934,
    11525.213568204315,
    19225.21494420165,
    32069.59137497771,
    53495.30259467043,
    89235.54296931518,
    148853.85704129425,
    248303.1983232237,
    414194.6958580531,
    690918.3823502015,
    1152521.2675938192,
    1922521.0802669737,
    3206957.215169708,
    5349521.336819983,
    8923512.88179572,
    14885193.47368807,
    24829427.598196246,
    41415328.46715328,
    69072620.29063912,
    115162969.17831104,
    191838845.18320006,
    318784848.80799794,
    526175883.2999955,
    852773204.2813804,
    1318276601.968514,
    1826589692.609359,
    2070973500.0000002,
    1826589692.6093662,
    1318276601.968522,
    852773204.2813869,
    526175883.2999956,
    318784848.80799794,
    191838845.1832017,
    115162969.17831194,
    69072620.29063968,
    41415328.467153296
  ],
  "saturation_density_m3": 1e+30
}