{
  "substance": "H2O",
  "transitions": {
    "liquid-gas": {
      "T": [
        323.15,
        325.1908163265306,
        327.2316326530612,
        329.2724489795918,
        331.31326530612245,
        333.35408163265305,
        335.39489795918365,
        337.43571428571425,
        339.47653061224486,
        341.5173469387755,
        343.5581632653061,
        345.5989795918367,
        347.6397959183673,
        349.68061224489793,
        351.72142857142853,
        353.76224489795914,
        355.8030612244898,
        357.8438775510204,
        359.884693877551,
        361.9255102040816,
        363.9663265306122,
        366.00714285714287,
        368.04795918367347,
        370.0887755102041,
        372.1295918367347,
        374.1704081632653,
        376.2112244897959,
        378.2520408163265,
        380.29285714285714,
        382.33367346938775,
        384.37448979591835,
        386.41530612244895,
        388.45612244897956,
        390.4969387755102,
        392.5377551020408,
        394.5785714285714,
        396.619387755102,
        398.6602040816326,
        400.70102040816323,
        402.74183673469383,
        404.78265306122444,
        406.8234693877551,
        408.8642857142857,
        410.9051020408163,
        412.9459183673469,
        414.98673469387757,
        417.02755102040817,
        419.06836734693877,
        421.1091836734694,
        423.15
      ],
      "dPdT_classical": [
        4752.954966830046,
        4693.465421360425,
        4635.085812204539,
        4577.788698343663,
        4521.547481579493,
        4466.336375660353,
        4412.130376718811,
        4358.9052349574795,
        4306.637427523082,
        4255.304132512177,
        4204.8832040548705,
        4155.353148425738,
        4106.693101133862,
        4058.882804946345,
        4011.90258880213,
        3965.733347575113,
        3920.3565226476817,
        3875.7540832578206,
        3831.908508584744,
        3788.802770539859,
        3746.4203172314797,
        3704.745057073317,
        3663.7613435082685,
        3623.4539603204066,
        3583.808107509454,
        3544.80938770324,
        3506.443793084853,
        3468.6976928123368,
        3431.5578209098185,
        3395.011264610008,
        3359.0454531289106,
        3323.648146854575,
        3288.8074269324793,
        3254.51168523103,
        3220.7496146714016,
        3187.5101999066637,
        3154.7827083358657,
        3122.5566814393815,
        3090.821926422464,
        3059.568508154534,
        3028.7867413923072,
        2998.4671832753966,
        2968.60062608353,
        2939.1780902450114,
        2910.1908175865165,
        2881.6302648147457,
        2853.4880972208916,
        2825.756182599228,
        2798.426585371571,
        2771.49156090967
      ],
      "dPdT_categorical": [
        56645.33959094038,
        56247.06056347416,
        55853.6611657408,
        55465.05173705857,
        55081.14480653366,
        54701.85502649456,
        54327.099108342736,
        53956.79576071811,
        53590.86562988197,
        53229.2312422254,
        52871.816948815,
        52518.54887189219,
        52169.35485324627,
        51824.164404384865,
        51482.90865842937,
        51145.520323665776,
        50811.93363868505,
        50482.08432904959,
        50155.909565425754,
        49833.34792312467,
        49514.339342996485,
        49198.82509362532,
        48886.7477347749,
        48578.05108203646,
        48272.68017263352,
        47970.581232339,
        47671.701643463144,
        47375.98991387164,
        47083.3956469956,
        46793.86951279663,
        46507.36321965123,
        46223.82948712135,
        45943.22201957804,
        45665.49548064758,
        45390.60546845008,
        45118.508491602086,
        44849.16194595575,
        44582.52409204832,
        44318.55403323689,
        44057.21169449389,
        43798.45780184052,
        43542.253862395424,
        43288.562145017626,
        43037.34566152284,
        42788.56814845353,
        42542.19404938377,
        42298.18849774084,
        42056.517300125495,
        41817.14692011478,
        41580.044462530626
      ],
      "dPdT_experimental": [
        610.4785564847698,
        665.4118396476988,
        724.3281081764599,
        787.4397463582882,
        854.9655692772576,
        927.1307767046783,
        1004.1668968422673,
        1086.3117200536362,
        1173.8092227468187,
        1266.9094815918288,
        1365.8685782819848,
        1470.9484950662445,
        1582.4170013026014,
        1700.5475312960043,
        1825.619053707167,
        1957.915932826596,
        2097.7277820293966,
        2245.349309733654,
        2401.0801581964843,
        2565.22473549594,
        2738.09204104988,
        2919.9954850310605,
        3111.2527020477282,
        3312.1853594576532,
        3523.1189606880944,
        3744.38264394211,
        3976.3089766602498,
        4219.233746122598,
        4473.495746559303,
        4739.436563149386,
        5017.40035327035,
        5307.733625374822,
        5610.785015847563,
        5926.905064205523,
        6256.445986985025,
        6599.761450672988,
        6957.206343998521,
        7329.13654993556,
        7715.9087177224865,
        8117.880035213078,
        8535.408001871721,
        8968.850202687958,
        9418.56408331584,
        9884.906726690591,
        10368.23463139974,
        10868.903492063226,
        11387.267981947341,
        11923.681538069097,
        12478.496148991515,
        13052.062145529839
      ],
      "deviation_classical": [
        678.5621487179333,
        605.3474467549861,
        539.9152207241618,
        481.3509820293921,
        428.8572597609713,
        381.73747306018174,
        339.3821774640576,
        301.2573144973765,
        266.8941548648906,
        235.88067611314517,
        207.8541574873808,
        182.49480946228516,
        159.52028433423976,
        138.68093835948412,
        119.75573604227114,
        102.54870401150878,
        86.8858560310922,
        72.61252253519373,
        59.5910280422705,
        47.69866819514206,
        36.82594525912909,
        26.875026898677177,
        17.7583981235885,
        9.397680597009867,
        1.7225971503813977,
        5.32993754155312,
        11.816616523850774,
        17.78844450132659,
        23.29135836221304,
        28.36677483970792,
        33.05207444848448,
        37.381029617516546,
        41.38418389506458,
        45.089188202354244,
        48.52109933704586,
        51.70264525876722,
        54.6544611105682,
        57.39529943036965,
        59.942217572854,
        62.31074498658532,
        64.51503266477565,
        66.56798680418636,
        68.48138845981686,
        70.26600076752538,
        71.93166511902487,
        73.48738750952208,
        74.94141613471614,
        76.30131118834942,
        77.57400770125867,
        78.76587216634677
      ],