{
  "instrument": "Harmonic Coincidence Network Analyzer (HCNA)",
  "system": "H2O",
  "timestamp": "2025-12-28T00:17:34.146540",
  "network": {
    "n_nodes": 5,
    "n_edges": 3,
    "frequencies": [
      1595,
      3657,
      3756,
      3191,
      7314
    ]
  },
  "results": {
    "topology": {
      "n_nodes": 5,
      "n_edges": 3,
      "avg_degree": 1.2,
      "avg_clustering": 0.0,
      "degrees": [
        1,
        1,
        1,
        2,
        1
      ],
      "clustering": [
        0,
        0,
        0,
        0.0,
        0
      ],
      "betweenness": [
        0.25,
        0.25,
        0.25,
        0.5,
        0.25
      ],
      "hubs": []
    },
    "temperatures": {
      "node_density": 166.66666666666666,
      "connectivity": 120.0,
      "hub_frequency": 300,
      "path_length": 109.09090909090908,
      "clustering": 300.0,
      "mean": 199.15151515151516,
      "std": 84.58365597246069
    }
  }
}