{
  "instrument": "Partition Lag Viscometer (PLV)",
  "system": "He",
  "timestamp": "2025-12-28T02:06:21.524244",
  "parameters": {
    "mass_kg": 6.64714162e-27,
    "diameter_m": 2.18e-10,
    "mu_exp_300K": 1.96e-05
  },
  "results": {
    "mu_categorical_300K": 1.0493873369758749e-08,
    "deviation_percent": 99.94645982974613,
    "scaling_slope": 2.715849530863788e-16
  }
}