{
  "instrument": "Partition Lag Viscometer (PLV)",
  "system": "Ar",
  "timestamp": "2025-12-28T02:06:25.935247",
  "parameters": {
    "mass_kg": 6.6338573e-26,
    "diameter_m": 3.4e-10,
    "mu_exp_300K": 2.27e-05
  },
  "results": {
    "mu_categorical_300K": 4.3054858464878355e-08,
    "deviation_percent": 99.81033101997852,
    "scaling_slope": 2.7757784879439676e-16
  }
}