{
  "instrument": "Partition Lag Viscometer (PLV)",
  "system": "N2",
  "timestamp": "2025-12-28T02:06:17.589190",
  "parameters": {
    "mass_kg": 4.651836756e-26,
    "diameter_m": 3.64e-10,
    "mu_exp_300K": 1.76e-05
  },
  "results": {
    "mu_categorical_300K": 2.6341201064724857e-08,
    "deviation_percent": 99.85033408485951,
    "scaling_slope": -3.4638195089381043e-16
  }
}