{
  "instrument": "Triple Equivalence Validator (TEV)",
  "system": "He",
  "timestamp": "2025-12-28T00:06:54.430831",
  "parameters": {
    "mass": 4.003,
    "vib_freq": 0,
    "rot_const": 0,
    "dof_trans": 3,
    "dof_rot": 0,
    "dof_vib": 0,
    "S_exp": 126.2
  },
  "results": {
    "T": [
      100.0,
      118.36734693877551,
      136.73469387755102,
      155.10204081632654,
      173.46938775510205,
      191.83673469387756,
      210.20408163265307,
      228.57142857142858,
      246.9387755102041,
      265.30612244897964,
      283.6734693877551,
      302.0408163265306,
      320.40816326530614,
      338.7755102040817,
      357.14285714285717,
      375.51020408163265,
      393.8775510204082,
      412.24489795918373,
      430.6122448979592,
      448.9795918367347,
      467.34693877551024,
      485.7142857142858,
      504.08163265306126,
      522.4489795918367,
      540.8163265306123,
      559.1836734693878,
      577.5510204081634,
      595.9183673469388,
      614.2857142857143,
      632.6530612244899,
      651.0204081632653,
      669.3877551020408,
      687.7551020408164,
      706.1224489795919,
      724.4897959183675,
      742.8571428571429,
      761.2244897959184,
      779.591836734694,
      797.9591836734694,
      816.3265306122449,
      834.6938775510205,
      853.061224489796,
      871.4285714285716,
      889.795918367347,
      908.1632653061225,
      926.5306122448981,
      944.8979591836735,
      963.265306122449,
      981.6326530612246,
      1000.0
    ],
    "S_cat": [
      412.2390341712386,
      418.54806674727416,
      423.94517765916964,
      428.66100153929284,
      432.8484195269012,
      436.61400527474586,
      440.03502356836924,
      443.16928059410594,
      446.0611549091458,
      448.7454589767771,
      451.2500051954903,
      453.59736534113733,
      455.8061097532219,
      457.89170060614856,
      459.8671490370616,
      461.7435072949876,
      463.53024324736174,
      465.2355294551572,
      466.8664691857976,
      468.42927518453735,
      469.9294125797381,
      471.3717142247498,
      472.7604746198125,
      474.0995270169733,
      475.39230719679716,
      476.64190658940004,
      477.8511168072975,
      479.02246720417514,
      480.1582567304893,
      481.26058109454897,
      482.33135603555417,
      483.3723373579234,
      484.3851382531392,
      485.3712443382159,
      486.3320267627269,
      487.2687536746257,
      488.18260028545154,
      489.07465773534767,
      489.9459409256313,
      490.79739545992885,
      491.62990381291763,
      492.44429082757284,
      493.24132862676913,
      494.0217410125455,
      494.78620741585786,
      495.53536645083295,
      496.2698191201152,
      496.9901317116177,
      497.6968384216571,
      498.3904437349101
    ],
    "S_osc": [
      543.2296052548633,
      545.3326161135418,
      547.1316530841736,
      548.7035943775479,
      550.0994003734174,
      551.3545956226989,
      552.4949350539067,
      553.539687395819,
      554.5036455008324,
      555.3984135233761,
      556.2332622629472,
      557.0157156448295,
      557.751963782191,
      558.4471607331665,
      559.1056435434708,
      559.7310962961128,
      560.3266749469043,
      560.8951036828361,
      561.4387502597162,
      561.9596855926295,
      562.4597313910298,
      562.9404986060337,
      563.4034187377212,
      563.8497695367748,
      564.2806962633828,
      564.6972293942504,
      565.1002994668829,
      565.4907495991754,
      565.8693461079467,
      566.2367875626334,
      566.5937125429684,
      566.9407063170914,
      567.2783066154967,
      567.6070086438557,
      567.927269452026,
      568.2395117559922,
      568.5441272929341,
      568.8414797762329,
      569.1319075063275,
      569.4157256844267,
      569.6932284687563,
      569.9646908069745,
      570.2303700733735,
      570.4905075352989,
      570.7453296697363,
      570.9950493480613,
      571.2398669044887,
      571.4799711016564,
      571.7155400050027,
      571.946741776087
    ],
    "S_part": [
      520.3081650067307,
      522.4111758654093,
      524.2102128360411,
      525.7821541294155,
      527.177960125285,
      528.4331553745666,
      529.5734948057743,
      530.6182471476865,
      531.5822052526999,
      532.4769732752436,
      533.3118220148147,
      534.094275396697,
      534.8305235340587,
      535.5257204850342,
      536.1842032953384,
      536.8096560479804,
      537.4052346987718,
      537.9736634347036,
      538.5173100115837,
      539.038245344497,
      539.5382911428973,
      540.0190583579011,
      540.4819784895889,
      540.9283292886422,
      541.3592560152503,
      541.7757891461179,
      542.1788592187505,
      542.5693093510429,
      542.9479058598145,
      543.3153473145009,
      543.672272294836,
      544.019266068959,
      544.3568663673642,
      544.6855683957231,
      545.0058292038935,
      545.3180715078597,
      545.6226870448018,
      545.9200395281005,
      546.2104672581951,
      546.4942854362943,
      546.7717882206239,
      547.0432505588421,
      547.3089298252409,
      547.5690672871664,
      547.8238894216038,
      548.0736090999288,
      548.3184266563563,
      548.5585308535238,
      548.7940997568704,
      549.0253015279545
    ],
    "M": [
      3e+20,
      3e+20,
      3e+20,
      3e+20,
      3e+20,
      3e+20,
      3e+20,
      3e+20,
      3e+20,
      3e+20,
      3e+20,
      3e+20,
      3e+20,
      3e+20,
      3e+20,
      3e+20,
      3e+20,
      3e+20,
      3e+20,
      3e+20,
      3e+20,
      3e+20,
      3e+20,
      3e+20,
      3e+20,
      3e+20,
      3e+20,
      3e+20,
      3e+20,
      3e+20,
      3e+20,
      3e+20,
      3e+20,
      3e+20,
      3e+20,
      3e+20,
      3e+20,
      3e+20,
      3e+20,
      3e+20,
      3e+20,
      3e+20,
      3e+20,
      3e+20,
      3e+20,
      3e+20,
      3e+20,
      3e+20,
      3e+20,
      3e+20
    ],
    "n": [
      15051474.133585298,
      19383263.82154397,
      24065623.643869683,
      29074034.735689335,
      34388505.73878313,
      39992329.03958957,
      45871268.87546473,
      52013005.61291506,
      58406740.73411672,
      65042907.27177288,
      71912952.03004217,
      79009168.20441854,
      86324564.32349363,
      93852759.96354866,
      101587901.5877247,
      109524593.77485016,
      117657842.39761189,
      125983007.20566595,
      134495761.90181774,
      143192060.2540645,
      152068107.11842945,
      161120333.49371397,
      170345374.91424215,
      179740052.6273044,
      189301357.11014485,
      199026433.56534988,
      208912569.09938678,
      218957181.3411755,
      229157808.29917517,
      239512099.28889388,
      250017806.78980917,
      260672779.11274406,
      271474953.776841,
      282422351.51020795,
      293513070.80069476,
      304745282.9335874,
      316117227.4616663,
      327627208.0603644,
      339273588.72692543,
      351054790.2877039,
      362969287.1822068,
      375015604.49631065,
      387192315.22036314,
      399498037.7107188,
      411931433.33569735,
      424491204.28909504,
      437176091.5562139,
      449984873.018999,
      462916361.688284,
      475969404.0523903
    ],