{
  "instrument": "Triple Equivalence Validator (TEV)",
  "system": "N2",
  "timestamp": "2025-12-28T00:06:26.234078",
  "parameters": {
    "mass": 28.014,
    "vib_freq": 2330,
    "rot_const": 1.99,
    "dof_trans": 3,
    "dof_rot": 2,
    "dof_vib": 1,
    "S_exp": 191.6
  },
  "results": {
    "T": [
      100.0,
      118.36734693877551,
      136.73469387755102,
      155.10204081632654,
      173.46938775510205,
      191.83673469387756,
      210.20408163265307,
      228.57142857142858,
      246.9387755102041,
      265.30612244897964,
      283.6734693877551,
      302.0408163265306,
      320.40816326530614,
      338.7755102040817,
      357.14285714285717,
      375.51020408163265,
      393.8775510204082,
      412.24489795918373,
      430.6122448979592,
      448.9795918367347,
      467.34693877551024,
      485.7142857142858,
      504.08163265306126,
      522.4489795918367,
      540.8163265306123,
      559.1836734693878,
      577.5510204081634,
      595.9183673469388,
      614.2857142857143,
      632.6530612244899,
      651.0204081632653,
      669.3877551020408,
      687.7551020408164,
      706.1224489795919,
      724.4897959183675,
      742.8571428571429,
      761.2244897959184,
      779.591836734694,
      797.9591836734694,
      816.3265306122449,
      834.6938775510205,
      853.061224489796,
      871.4285714285716,
      889.795918367347,
      908.1632653061225,
      926.5306122448981,
      944.8979591836735,
      963.265306122449,
      981.6326530612246,
      1000.0
    ],
    "S_cat": [
      808.39345601654,
      818.9085103099324,
      827.9036951630916,
      835.7634016299635,
      842.7424316093109,
      849.0184078557186,
      854.7201050117577,
      859.9438667213188,
      864.7636572463852,
      869.2374973591039,
      873.4117410569593,
      877.324007966371,
      881.0052486531786,
      884.4812334080564,
      887.7736474595781,
      890.9009112227881,
      893.8788044767449,
      896.7209481564041,
      899.4391810408048,
      902.0438577053711,
      904.5440866973723,
      906.9479227723917,
      909.2625234308297,
      911.4942774260976,
      913.6489110591373,
      915.7315767134755,
      917.7469270766379,
      919.6991777381006,
      921.5921602819577,
      923.4293675553904,
      925.2139924570658,
      926.9489613276813,
      928.6369628197076,
      930.280472961502,
      931.8817770023538,
      933.4429885221849,
      934.9660662068947,
      936.4528286233884,
      937.9049672738611,
      939.324058164357,
      940.7115720860047,
      942.0688837770966,
      943.3972801090905,
      944.697967418718,
      945.9720780909053,
      947.2206764825304,
      948.4447642646676,
      949.6452852505051,
      950.8231297672372,
      951.979138622659
    ],
    "S_osc": [
      597.0383752274679,
      600.5433933253867,
      603.54178828109,
      606.1616905090699,
      608.4880344419781,
      610.5800297936026,
      612.4806082558945,
      614.2219010609339,
      615.8285962973039,
      617.3200910963657,
      618.7119224897431,
      620.0167472845369,
      621.2450295376353,
      622.4055327504999,
      623.5056785438388,
      624.5518123359772,
      625.549403282696,
      626.5031971589838,
      627.4173351607996,
      628.2954477339564,
      629.1407298708266,
      629.9560024613264,
      630.7437629874776,
      631.5062279399904,
      632.2453686939757,
      632.9629421280665,
      633.6605169503372,
      634.3394964658092,
      635.0011383562352,
      635.6465719238223,
      636.2768131630671,
      636.8927779594677,
      637.4952936640775,
      638.0851092541276,
      638.6629042591661,
      639.2292966072233,
      639.7848495248801,
      640.3300776078127,
      640.8654521636396,
      641.3914059162199,
      641.9083371495614,
      642.4166133599075,
      642.9165744761838,
      643.40853570162,
      643.8927900228956,
      644.3696104274646,
      644.8392518647192,
      645.301952982247,
      645.7579376645767,
      646.207416398417
    ],
    "S_part": [
      576.6682512758446,
      580.1732693737634,
      583.1716643294667,
      585.7915665574467,
      588.117910490355,
      590.2099058419794,
      592.1104843042713,
      593.8517771093108,
      595.4584723456808,
      596.9499671447426,
      598.34179853812,
      599.6466233329136,
      600.8749055860121,
      602.0354087988767,
      603.1355545922157,
      604.181688384354,
      605.1792793310727,
      606.1330732073606,
      607.0472112091763,
      607.9253237823332,
      608.7706059192034,
      609.5858785097033,
      610.3736390358545,
      611.1361039883672,
      611.8752447423525,
      612.5928181764434,
      613.290392998714,
      613.969372514186,
      614.6310144046118,
      615.2764479721991,
      615.906689211444,
      616.5226540078444,
      617.1251697124543,
      617.7149853025044,
      618.292780307543,
      618.8591726556002,
      619.4147255732568,
      619.9599536561894,
      620.4953282120164,
      621.0212819645967,
      621.5382131979383,
      622.0464894082843,
      622.5464505245606,
      623.038411749997,
      623.5226660712724,
      623.9994864758415,
      624.4691279130963,
      624.9318290306237,
      625.3878137129536,
      625.8372924467939
    ],
    "M": [
      5e+20,
      5e+20,
      5e+20,
      5e+20,
      5e+20,
      5e+20,
      5e+20,
      5e+20,
      5e+20,
      5e+20,
      5e+20,
      5e+20,
      5e+20,
      5e+20,
      5e+20,
      5e+20,
      5e+20,
      5e+20,
      5e+20,
      5e+20,
      5e+20,
      5e+20,
      5e+20,
      5e+20,
      5e+20,
      5e+20,
      5e+20,
      5e+20,
      5e+20,
      5e+20,
      5e+20,
      5e+20,
      5e+20,
      5e+20,
      5e+20,
      5e+20,
      5e+20,
      5e+20,
      5e+20,
      5e+20,
      5e+20,
      5e+20,
      5e+20,
      5e+20,
      5e+20,
      5e+20,
      5e+20,
      5e+20,
      5e+20,
      5e+20
    ],
    "n": [
      278652752.871544,
      358848560.3185269,
      445534584.7468451,
      538256900.5719652,
      636645401.3875545,
      740390773.8020144,
      849229466.5900798,
      962933402.4380673,
      1081302664.9330187,
      1204160137.7506278,
      1331347472.841669,
      1462721991.6703136,
      1598154258.8910735,
      1737526151.6797037,
      1880729301.6368506,
      2027663821.605345,
      2178237253.709526,
      2332363691.5112033,
      2489963040.887211,
      2650960392.6508293,
      2815285486.088237,
      2982872247.1391673,
      3153658388.3748827,
      3327585060.53016,
      3504596547.3480215,
      3684639997.05122,
      3867665184.9744143,
      4053624302.856175,
      4242471771.059956,
      4434164070.612204,
      4628659592.446911,
      4825918501.65441,
      5025902614.86717,
      5228575289.191846,
      5433901321.326053,
      5641846855.68961,
      5852379300.560301,
      6065467251.339065,
      6281080420.183819,
      6499189571.347969,
      6719766461.642356,
      6942783785.510262,
      7168215124.265752,
      7396034899.0982685,
      7626218327.491534,
      7858741382.744377,
      8093580756.315151,
      8330713822.741573,
      8570118606.913708,
      8811773753.501043
    ],