{
  "instrument": "Triple Equivalence Validator (TEV)",
  "system": "CO2",
  "timestamp": "2025-12-28T00:06:39.147447",
  "parameters": {
    "mass": 44.01,
    "vib_freq": 1388,
    "rot_const": 0.39,
    "dof_trans": 3,
    "dof_rot": 2,
    "dof_vib": 4,
    "S_exp": 213.8
  },
  "results": {
    "T": [
      100.0,
      118.36734693877551,
      136.73469387755102,
      155.10204081632654,
      173.46938775510205,
      191.83673469387756,
      210.20408163265307,
      228.57142857142858,
      246.9387755102041,
      265.30612244897964,
      283.6734693877551,
      302.0408163265306,
      320.40816326530614,
      338.7755102040817,
      357.14285714285717,
      375.51020408163265,
      393.8775510204082,
      412.24489795918373,
      430.6122448979592,
      448.9795918367347,
      467.34693877551024,
      485.7142857142858,
      504.08163265306126,
      522.4489795918367,
      540.8163265306123,
      559.1836734693878,
      577.5510204081634,
      595.9183673469388,
      614.2857142857143,
      632.6530612244899,
      651.0204081632653,
      669.3877551020408,
      687.7551020408164,
      706.1224489795919,
      724.4897959183675,
      742.8571428571429,
      761.2244897959184,
      779.591836734694,
      797.9591836734694,
      816.3265306122449,
      834.6938775510205,
      853.061224489796,
      871.4285714285716,
      889.795918367347,
      908.1632653061225,
      926.5306122448981,
      944.8979591836735,
      963.265306122449,
      981.6326530612246,
      1000.0
    ],
    "S_cat": [
      836.5615559580648,
      847.0766102514575,
      856.0717951046166,
      863.9315015714885,
      870.9105315508358,
      877.1865077972435,
      882.8882049532828,
      888.1119666628439,
      892.9317571879102,
      897.405597300629,
      901.5798409984842,
      905.4921079078961,
      909.1733485947036,
      912.6493333495813,
      915.9417474011032,
      919.069011164313,
      922.04690441827,
      924.8890480979292,
      927.6072809823298,
      930.211957646896,
      932.7121866388974,
      935.1160227139169,
      937.4306233723547,
      939.6623773676226,
      941.8170110006623,
      943.8996766550006,
      945.9150270181632,
      947.8672776796255,
      949.7602602234828,
      951.5974674969152,
      953.3820923985907,
      955.1170612692063,
      956.8050627612325,
      958.4485729030268,
      960.0498769438789,
      961.6110884637101,
      963.1341661484197,
      964.6209285649135,
      966.0730672153861,
      967.492158105882,
      968.8796720275296,
      970.2369837186218,
      971.5653800506155,
      972.8660673602429,
      974.1401780324304,
      975.3887764240554,
      976.6128642061924,
      977.81338519203,
      978.9912297087623,
      980.1472385641842
    ],
    "S_osc": [
      616.2224354316279,
      619.7274800212657,
      622.7260825604402,
      625.3469301268237,
      627.6762555444354,
      629.7755154292088,
      631.6907759138626,
      633.4578893744291,
      635.1054358097092,
      636.6564716048815,
      638.1296502955447,
      639.5400145491046,
      640.8996105081116,
      642.2179962438142,
      643.5026762664462,
      644.7594759009104,
      645.9928621985274,
      647.2062159532367,
      648.4020592321817,
      649.5822431635358,
      650.7481009649481,
      651.9005711812589,
      653.0402958461607,
      654.1676978633848,
      655.2830413969789,
      656.3864785296194,
      657.4780849352128,
      658.5578868424326,
      659.6258811514928,
      660.6820502107795,
      661.7263724608779,
      662.7588299060905,
      663.7794131714164,
      664.7881247395263,
      665.7849808312626,
      666.7700122889099,
      667.7432647389751,
      668.7047982462939,
      669.6546866204457,
      670.5930164958247,
      671.5198862759665,
      672.435405008973,
      673.339691242609,
      674.2328718936825,
      675.1150811556967,
      675.9864594607401,
      676.8471525055874,
      677.6973103475195,
      678.5370865721303,
      679.3666375330334
    ],
    "S_part": [
      595.8523114800048,
      599.3573560696425,
      602.3559586088171,
      604.9768061752005,
      607.3061315928122,
      609.4053914775856,
      611.3206519622395,
      613.087765422806,
      614.7353118580861,
      616.2863476532582,
      617.7595263439215,
      619.1698905974813,
      620.5294865564883,
      621.8478722921911,
      623.1325523148232,
      624.3893519492872,
      625.6227382469043,
      626.8360920016136,
      628.0319352805586,
      629.2121192119126,
      630.3779770133249,
      631.5304472296357,
      632.6701718945375,
      633.7975739117617,
      634.9129174453557,
      636.016354577996,
      637.1079609835896,
      638.1877628908094,
      639.2557571998695,
      640.3119262591564,
      641.3562485092547,
      642.3887059544674,
      643.4092892197934,
      644.4180007879032,
      645.4148568796395,
      646.3998883372867,
      647.3731407873519,
      648.3346742946707,
      649.2845626688226,
      650.2228925442014,
      651.1497623243433,
      652.0652810573498,
      652.9695672909858,
      653.8627479420594,
      654.7449572040733,
      655.6163355091168,
      656.4770285539643,
      657.3271863958964,
      658.1669626205071,
      658.9965135814103
    ],
    "M": [
      5e+20,
      5e+20,
      5e+20,
      5e+20,
      5e+20,
      5e+20,
      5e+20,
      5e+20,
      5e+20,
      5e+20,
      5e+20,
      5e+20,
      5e+20,
      5e+20,
      5e+20,
      5e+20,
      5e+20,
      5e+20,
      5e+20,
      5e+20,
      5e+20,
      5e+20,
      5e+20,
      5e+20,
      5e+20,
      5e+20,
      5e+20,
      5e+20,
      5e+20,
      5e+20,
      5e+20,
      5e+20,
      5e+20,
      5e+20,
      5e+20,
      5e+20,
      5e+20,
      5e+20,
      5e+20,
      5e+20,
      5e+20,
      5e+20,
      5e+20,
      5e+20,
      5e+20,
      5e+20,
      5e+20,
      5e+20,
      5e+20,
      5e+20
    ],
    "n": [
      548690832.7413108,
      706603158.8066185,
      877295270.9083561,
      1059873351.1875099,
      1253608628.8345292,
      1457892039.6264155,
      1672204628.9152384,
      1896097293.1845818,
      2129176380.1127837,
      2371093132.6806746,
      2621535750.189724,
      2880223286.538262,
      3146900872.586224,
      3421335914.504432,
      3703315025.751136,
      3992641520.06761,
      4289133340.0786114,
      4592621328.743266,
      4902947773.960456,
      5219965173.207353,
      5543535177.197335,
      5873527680.518644,
      6209820033.957183,
      6552296358.333554,
      6900846943.626509,
      7255367720.217605,
      7615759791.493882,
      7981929018.946012,
      8353785652.415511,
      8731243999.36357,
      9114222128.020845,
      9502641600.081833,
      9896427229.267149,
      10295506862.621353,
      10699811181.865314,
      11109273522.498913,
      11523829708.665197,
      11943417902.05311,
      12367978463.340508,
      12797453824.870226,
      13231788373.414625,
      13670928342.023619,
      14114821710.070686,
      14563418110.71496,
      15016668745.086313,
      15474526302.578493,
      15936944886.702059,
      16403879946.00863,
      16875288209.648571,
      17351127627.170322
    ],