{
  "instrument": "Ternary Trajectory Recorder (TTR)",
  "timestamp": "2025-12-28T02:07:09.828909",
  "depth": 7,
  "results": {
    "n_trajectories": 20,
    "mean_msd": 0.020615919115894672,
    "mean_rg": 0.10097232930682629,
    "mean_length": 12.716400602755446,
    "perspective_balance": {
      "oscillatory": 0.3325,
      "categorical": 0.3235,
      "partition": 0.344
    },
    "mean_entropy": 1.090206014488848
  }
}