{
  "instrument": "Ternary Trajectory Recorder (TTR)",
  "timestamp": "2025-12-28T02:07:03.696089",
  "depth": 5,
  "results": {
    "n_trajectories": 20,
    "mean_msd": 0.020019760731915796,
    "mean_rg": 0.10001892187037956,
    "mean_length": 12.556084822205596,
    "perspective_balance": {
      "oscillatory": 0.3424999999999999,
      "categorical": 0.3255,
      "partition": 0.332
    },
    "mean_entropy": 1.0888122643928169
  }
}