{
  "instrument": "Ternary Trajectory Recorder (TTR)",
  "timestamp": "2025-12-28T02:06:59.121359",
  "depth": 3,
  "results": {
    "n_trajectories": 20,
    "mean_msd": 0.0217244664571176,
    "mean_rg": 0.1025323113465721,
    "mean_length": 13.107913593241179,
    "perspective_balance": {
      "oscillatory": 0.3515,
      "categorical": 0.318,
      "partition": 0.33049999999999996
    },
    "mean_entropy": 1.0888694788666524
  }
}