{
  "instrument": "Van der Waals Categorical Corrector (VWCC)",
  "system": "Ar",
  "timestamp": "2025-12-28T00:10:21.735088",
  "molecular_parameters": {
    "diameter_m": 3.4e-10,
    "epsilon_J": 1.6540175020000001e-21
  },
  "results": {
    "parameters": {
      "a_categorical": 0.002599017161426793,
      "a_experimental": 1.355,
      "a_deviation_percent": 99.80819061539286,
      "b_categorical": 0.049573121603554565,
      "b_experimental": 0.032,
      "b_deviation_percent": 54.91600501110801
    },
    "critical_point": {
      "T_c_exp": 150.8,
      "T_c_vdw": 152.89174136359122,
      "T_c_categorical": 0.18930304083404542,
      "P_c_exp": 48.7,
      "P_c_vdw": 49.00896990740741,
      "P_c_categorical": 0.039169934806283994
    }
  }
}