{
  "instrument": "Van der Waals Categorical Corrector (VWCC)",
  "system": "CO2",
  "timestamp": "2025-12-28T00:09:57.694928",
  "molecular_parameters": {
    "diameter_m": 3.3e-10,
    "epsilon_J": 2.6232331e-21
  },
  "results": {
    "parameters": {
      "a_categorical": 0.0037688686204943025,
      "a_experimental": 3.658,
      "a_deviation_percent": 99.89696914651465,
      "b_categorical": 0.045326411333883064,
      "b_experimental": 0.04267,
      "b_deviation_percent": 6.22547769834325
    },
    "critical_point": {
      "T_c_exp": 304.2,
      "T_c_vdw": 309.53928029244486,
      "T_c_categorical": 0.30023019831776826,
      "P_c_exp": 72.9,
      "P_c_vdw": 74.4105734145712,
      "P_c_categorical": 0.06794297559891735
    }
  }
}