{
  "instrument": "Van der Waals Categorical Corrector (VWCC)",
  "system": "N2",
  "timestamp": "2025-12-28T00:09:37.200058",
  "molecular_parameters": {
    "diameter_m": 3.64e-10,
    "epsilon_J": 1.3123068745000001e-21
  },
  "results": {
    "parameters": {
      "a_categorical": 0.0025302990366487723,
      "a_experimental": 1.37,
      "a_deviation_percent": 99.81530663966069,
      "b_categorical": 0.06082941879896145,
      "b_experimental": 0.0387,
      "b_deviation_percent": 57.181960720830624
    },
    "critical_point": {
      "T_c_exp": 126.2,
      "T_c_vdw": 127.82161849366096,
      "T_c_categorical": 0.15019410710580988,
      "P_c_exp": 33.9,
      "P_c_vdw": 33.87933466921776,
      "P_c_categorical": 0.025326825145732743
    }
  }
}