{
  "experiment_metadata": {
    "experiment_id": "membrane_quantum_tunneling_20250918_004629_7640419d",
    "timestamp": "2025-09-18T00:46:30.656543",
    "num_trials": 100,
    "validation_type": "membrane_quantum_tunneling"
  },
  "physical_parameters": {
    "membrane_thickness_nm": 5.0,
    "temperature_K": 310.15,
    "temperature_C": 37.0,
    "energy_barriers_eV": [
      0.1,
      0.10816326530612246,
      0.1163265306122449,
      0.12448979591836735,
      0.1326530612244898,
      0.14081632653061227,
      0.1489795918367347,
      0.15714285714285714,
      0.1653061224489796,
      0.17346938775510207,
      0.1816326530612245,
      0.18979591836734694,
      0.1979591836734694,
      0.20612244897959187,
      0.2142857142857143,
      0.22244897959183674,
      0.2306122448979592,
      0.23877551020408164,
      0.2469387755102041,
      0.2551020408163266,
      0.263265306122449,
      0.27142857142857146,
      0.2795918367346939,
      0.28775510204081634,
      0.29591836734693877,
      0.3040816326530612,
      0.3122448979591837,
      0.3204081632653062,
      0.3285714285714286,
      0.33673469387755106,
      0.3448979591836735,
      0.35306122448979593,
      0.36122448979591837,
      0.3693877551020408,
      0.37755102040816324,
      0.3857142857142858,
      0.3938775510204082,
      0.40204081632653066,
      0.4102040816326531,
      0.41836734693877553,
      0.42653061224489797,
      0.4346938775510204,
      0.44285714285714284,
      0.4510204081632654,
      0.4591836734693878,
      0.46734693877551026,
      0.4755102040816327,
      0.48367346938775513,
      0.49183673469387756,
      0.5
    ],
    "ion_concentrations_mM": {
      "H+": 0.0001,
      "Na+": 150,
      "K+": 5,
      "Ca2+": 2,
      "Mg2+": 1
    },
    "voltage_resolution_uV": 10.0,
    "current_range_pA": [
      1,
      100
    ]
  },
  "quantum_measurements": {
    "transmission_probabilities": [
      3.2136376458890636e-302,
      2.7704084556e-314,
      0.0,
      0.0,
      0.0,
      0.0,
      0.0,
      0.0,
      0.0,
      0.0,
      0.0,
      0.0,
      0.0,
      0.0,
      0.0,
      0.0,
      0.0,
      0.0,
      0.0,
      0.0,
      0.0,
      0.0,
      0.0,
      0.0,
      0.0,
      0.0,
      0.0,
      0.0,
      0.0,
      0.0,
      0.0,
      0.0,
      0.0,
      0.0,
      0.0,
      0.0,
      0.0,
      0.0,
      0.0,
      0.0,
      0.0,
      0.0,
      0.0,
      0.0,
      0.0,
      0.0,
      0.0,
      0.0,
      0.0,
      0.0
    ],
    "tunneling_currents_pA": [
      8.714845743412041e-284,
      7.512880786416998e-296,
      0.0,
      0.0,
      0.0,
      0.0,
      0.0,
      0.0,
      0.0,
      0.0,
      0.0,
      0.0,
      0.0,
      0.0,
      0.0,
      0.0,
      0.0,
      0.0,
      0.0,
      0.0,
      0.0,
      0.0,
      0.0,
      0.0,
      0.0,
      0.0,
      0.0,
      0.0,
      0.0,
      0.0,
      0.0,
      0.0,
      0.0,
      0.0,
      0.0,
      0.0,
      0.0,
      0.0,
      0.0,
      0.0,
      0.0,
      0.0,
      0.0,
      0.0,
      0.0,
      0.0,
      0.0,
      0.0,
      0.0,
      0.0
    ],
    "measured_currents_pA": [
      -0.06600000000000002,
      -0.027999999999999994,
      0.06000000000000002,
      0.073,
      -0.007000000000000003,
      -0.06600000000000002,
      0.04500000000000001,
      -0.007000000000000013,
      0.0069999999999999975,
      -0.06200000000000001,
      -0.0010000000000000052,
      0.02299999999999999,
      -0.08200000000000002,
      -0.079,
      -0.030000000000000006,
      -0.016,
      -0.009000000000000005,
      -7.216449660063518e-18,
      0.03000000000000001,
      0.092,
      -0.059000000000000004,
      0.04799999999999999,
      0.017999999999999995,
      0.002000000000000006,
      -0.014000000000000005,
      -0.055999999999999994,
      -0.012999999999999998,
      0.015,
      0.09100000000000001,
      0.114,
      -0.033,
      0.05399999999999999,
      -0.05600000000000001,
      0.12500000000000003,
      -0.001000000000000002,
      0.048,
      0.01700000000000001,
      -0.075,
      0.03400000000000001,
      -0.033,
      -0.032,
      -0.009999999999999998,
      0.09000000000000002,
      0.0010000000000000087,
      -0.051,
      -0.03600000000000002,
      0.014999999999999996,
      0.014000000000000002,
      0.006999999999999994,
      -0.044
    ],
    "detectable_fraction": [
      0.02,
      0.02,
      0.04,
      0.07,
      0.06,
      0.03,
      0.01,
      0.01,
      0.04,
      0.01,
      0.02,
      0.03,
      0.04,
      0.01,
      0.04,
      0.02,
      0.01,
      0.03,
      0.03,
      0.04,
      0.02,
      0.06,
      0.04,
      0.03,
      0.04,
      0.01,
      0.02,
      0.01,
      0.04,
      0.08,
      0.02,
      0.02,
      0.03,
      0.03,
      0.01,
      0.01,
      0.04,
      0.0,
      0.02,
      0.01,
      0.03,
      0.0,
      0.0,
      0.04,
      0.02,
      0.02,
      0.04,
      0.05,
      0.02,
      0.03
    ],
    "coherence_time_s": 2.4627543388907393e-14,
    "coherence_time_ms": 2.4627543388907392e-11,
    "quantum_states_count": 1,
    "information_capacity_bits": 0.0
  },
  "biological_validation": {
    "patch_clamp_detectable": 