{
  "experiment_metadata": {
    "experiment_id": "membrane_quantum_tunneling_20250918_224010_ca0882c4",
    "timestamp": "2025-09-18T22:40:10.821527",
    "num_trials": 100,
    "validation_type": "membrane_quantum_tunneling"
  },
  "physical_parameters": {
    "membrane_thickness_nm": 5.0,
    "temperature_K": 310.15,
    "temperature_C": 37.0,
    "energy_barriers_eV": [
      0.1,
      0.10816326530612246,
      0.1163265306122449,
      0.12448979591836735,
      0.1326530612244898,
      0.14081632653061227,
      0.1489795918367347,
      0.15714285714285714,
      0.1653061224489796,
      0.17346938775510207,
      0.1816326530612245,
      0.18979591836734694,
      0.1979591836734694,
      0.20612244897959187,
      0.2142857142857143,
      0.22244897959183674,
      0.2306122448979592,
      0.23877551020408164,
      0.2469387755102041,
      0.2551020408163266,
      0.263265306122449,
      0.27142857142857146,
      0.2795918367346939,
      0.28775510204081634,
      0.29591836734693877,
      0.3040816326530612,
      0.3122448979591837,
      0.3204081632653062,
      0.3285714285714286,
      0.33673469387755106,
      0.3448979591836735,
      0.35306122448979593,
      0.36122448979591837,
      0.3693877551020408,
      0.37755102040816324,
      0.3857142857142858,
      0.3938775510204082,
      0.40204081632653066,
      0.4102040816326531,
      0.41836734693877553,
      0.42653061224489797,
      0.4346938775510204,
      0.44285714285714284,
      0.4510204081632654,
      0.4591836734693878,
      0.46734693877551026,
      0.4755102040816327,
      0.48367346938775513,
      0.49183673469387756,
      0.5
    ],
    "ion_concentrations_mM": {
      "H+": 0.0001,
      "Na+": 150,
      "K+": 5,
      "Ca2+": 2,
      "Mg2+": 1
    },
    "voltage_resolution_uV": 10.0,
    "current_range_pA": [
      1,
      100
    ]
  },
  "quantum_measurements": {
    "transmission_probabilities": [
      3.2136376458890636e-302,
      2.7704084556e-314,
      0.0,
      0.0,
      0.0,
      0.0,
      0.0,
      0.0,
      0.0,
      0.0,
      0.0,
      0.0,
      0.0,
      0.0,
      0.0,
      0.0,
      0.0,
      0.0,
      0.0,
      0.0,
      0.0,
      0.0,
      0.0,
      0.0,
      0.0,
      0.0,
      0.0,
      0.0,
      0.0,
      0.0,
      0.0,
      0.0,
      0.0,
      0.0,
      0.0,
      0.0,
      0.0,
      0.0,
      0.0,
      0.0,
      0.0,
      0.0,
      0.0,
      0.0,
      0.0,
      0.0,
      0.0,
      0.0,
      0.0,
      0.0
    ],
    "tunneling_currents_pA": [
      8.714845743412041e-284,
      7.512880786416998e-296,
      0.0,
      0.0,
      0.0,
      0.0,
      0.0,
      0.0,
      0.0,
      0.0,
      0.0,
      0.0,
      0.0,
      0.0,
      0.0,
      0.0,
      0.0,
      0.0,
      0.0,
      0.0,
      0.0,
      0.0,
      0.0,
      0.0,
      0.0,
      0.0,
      0.0,
      0.0,
      0.0,
      0.0,
      0.0,
      0.0,
      0.0,
      0.0,
      0.0,
      0.0,
      0.0,
      0.0,
      0.0,
      0.0,
      0.0,
      0.0,
      0.0,
      0.0,
      0.0,
      0.0,
      0.0,
      0.0,
      0.0,
      0.0
    ],
    "measured_currents_pA": [
      -0.10200000000000001,
      0.07300000000000001,
      -0.020000000000000004,
      -0.003999999999999999,
      -0.049000000000000016,
      0.05800000000000001,
      -0.05800000000000002,
      -0.07500000000000001,
      -0.011999999999999997,
      0.016999999999999994,
      0.009999999999999998,
      -0.066,
      0.06600000000000002,
      -0.036000000000000004,
      -0.066,
      -0.0009999999999999926,
      0.06200000000000001,
      0.07,
      0.044000000000000004,
      0.030999999999999986,
      -0.002000000000000002,
      -0.07999999999999999,
      0.045,
      0.016999999999999987,
      -0.0019999999999999935,
      -0.08500000000000002,
      -0.01300000000000001,
      -0.018999999999999996,
      0.036,
      0.004999999999999998,
      -0.063,
      -0.035,
      -0.06299999999999999,
      -0.009,
      0.001000000000000003,
      0.034,
      0.08800000000000002,
      -0.007999999999999997,
      -0.041999999999999996,
      0.05200000000000002,
      0.007999999999999997,
      -0.01799999999999999,
      0.09,
      0.10500000000000004,
      -0.03,
      -0.06900000000000002,
      -0.015000000000000003,
      0.013000000000000006,
      -0.0009999999999999987,
      0.05499999999999999
    ],
    "detectable_fraction": [
      0.04,
      0.04,
      0.04,
      0.05,
      0.04,
      0.04,
      0.03,
      0.02,
      0.04,
      0.03,
      0.03,
      0.02,
      0.01,
      0.02,
      0.02,
      0.01,
      0.05,
      0.06,
      0.04,
      0.05,
      0.02,
      0.0,
      0.04,
      0.01,
      0.01,
      0.01,
      0.0,
      0.03,
      0.05,
      0.04,
      0.0,
      0.0,
      0.03,
      0.04,
      0.03,
      0.01,
      0.02,
      0.02,
      0.01,
      0.07,
      0.03,
      0.03,
      0.08,
      0.02,
      0.02,
      0.02,
      0.0,
      0.03,
      0.03,
      0.07
    ],
    "coherence_time_s": 2.4627543388907393e-14,
    "coherence_time_ms": 2.4627543388907392e-11,
    "quantum_states_count": 1,
    "information_capacity_bits": 0.0
  },
  "biological_validation": {
    "patch_clamp_detectable": 