{
  "test_name": "Quick Foundry Architecture Test",
  "success": true,
  "timestamp": "2025-09-19T00:28:03.514720",
  "results": {
    "theoretical_density_achieved": 9.561701526630733e-19,
    "actual_processors_created": 1000000,
    "processing_efficiency": 0.9250957124779191,
    "quantum_coherence_duration": 6e-11,
    "validation_score": 0.6655132601426427
  }
}