{
  "test_name": "Quick Virtual Processing Acceleration Test",
  "success": true,
  "timestamp": "2025-09-19T00:28:05.422900",
  "results": {
    "target_frequency_hz": 1e+29,
    "achieved_frequency_hz": 1.992392674967637e+30,
    "frequency_accuracy": 19.923926749676372,
    "temporal_precision_seconds": 1e-15,
    "parallel_processing_capacity": 1000000000000000,
    "validation_score": 0.9163496947903181
  }
}