{
  "timestamp": "20251122_082928",
  "experiment": "cross_bond_prediction",
  "method": "categorical_inference",
  "known_modes": {
    "CC_stretch_1": 1060,
    "CC_stretch_2": 1100,
    "CC_stretch_3": 1150,
    "CC_bend": 420
  },
  "predictions": {
    "C-H_stretch": {
      "predicted_wavenumber_cm-1": 2799.7497497497498,
      "predicted_frequency_hz": 83934385926236.23,
      "true_wavenumber_cm-1": 2900.0,
      "error_cm-1": 100.25025025025025,
      "error_percent": 3.456905181043112,
      "confidence": 0.3333333333333333,
      "description": "Alkane C-H stretch"
    }
  }
}