{
  "timestamp": "20251105_151133",
  "source_file": "clock_run_data_20251013_002009.npz",
  "arrays": {
    "reference_ns": {
      "shape": [
        9985
      ],
      "dtype": "int64",
      "size": 9985,
      "min": 1024557986076300.0,
      "max": 1024567970570600.0,
      "mean": 1024563120931773.0,
      "std": 2870370529.3763337,
      "median": 1024563070487300.0
    },
    "nanosecond_precision": {
      "shape": [
        9985
      ],
      "dtype": "float64",
      "size": 9985,
      "min": 4.2857142857142854e-10,
      "max": 4.2857142857142854e-10,
      "mean": 4.285714285714287e-10,
      "std": 1.550963648536927e-25,
      "median": 4.2857142857142854e-10
    },
    "picosecond_precision": {
      "shape": [
        9985
      ],
      "dtype": "float64",
      "size": 9985,
      "min": 1.2022630834512023e-14,
      "max": 1.2022630834512023e-14,
      "mean": 1.2022630834512021e-14,
      "std": 1.5777218104420236e-30,
      "median": 1.2022630834512023e-14
    },
    "femtosecond_precision": {
      "shape": [
        9985
      ],
      "dtype": "float64",
      "size": 9985,
      "min": 3.931127094369815e-14,
      "max": 3.931127094369815e-14,
      "mean": 3.9311270943698155e-14,
      "std": 6.310887241768095e-30,
      "median": 3.931127094369815e-14
    },
    "attosecond_precision": {
      "shape": [
        9985
      ],
      "dtype": "float64",
      "size": 9985,
      "min": 1.4144271570014144e-19,
      "max": 1.4144271570014144e-19,
      "mean": 1.4144271570014146e-19,
      "std": 2.407412430484045e-35,
      "median": 1.4144271570014144e-19
    },
    "zeptosecond_precision": {
      "shape": [
        9985
      ],
      "dtype": "float64",
      "size": 9985,
      "min": 7.061543469802368e-23,
      "max": 7.061543469802368e-23,
      "mean": 7.061543469802368e-23,
      "std": 0.0,
      "median": 7.061543469802368e-23
    },
    "planck_precision": {
      "shape": [
        9985
      ],
      "dtype": "float64",
      "size": 9985,
      "min": 7.061543469802368e-27,
      "max": 7.061543469802368e-27,
      "mean": 7.061543469802366e-27,
      "std": 1.4349296274686127e-42,
      "median": 7.061543469802368e-27
    },
    "trans_planckian_precision": {
      "shape": [
        9985
      ],
      "dtype": "float64",
      "size": 9985,
      "min": 9.840500933392374e-31,
      "max": 9.840500933392374e-31,
      "mean": 9.840500933392375e-31,
      "std": 1.7516230804060213e-46,
      "median": 9.840500933392374e-31
    }
  }
}