{
  "timestamp": "2025-11-23T01:11:40.892485",
  "num_molecules": 4,
  "geometries": {
    "Methane (spherical)": {
      "center_of_mass": [
        -1.1428226023266555e-08,
        -5.055072752448666e-09,
        -1.3276187718421653e-08
      ],
      "principal_moments": [
        3.2065140145755873,
        3.2065138400540336,
        3.206513719056845
      ],
      "principal_axes": [
        [
          -0.4721935989156103,
          -0.2198047018665878,
          0.8536504543315513
        ],
        [
          0.019215599550642892,
          0.9656154814894302,
          0.2592633846917934
        ],
        [
          0.8812854054601338,
          -0.13882591597131977,
          0.45173377024270744
        ]
      ],
      "asphericity": 2.443153308619122e-08,
      "eccentricity": 0.0003035819481695782,
      "radius_of_gyration": 0.547544471599279,
      "max_distance": 1.7835541850647827,
      "molecular_diameter": 4.383554185064783,
      "molecular_volume": 28.288000000000007,
      "surface_area": 81.52432936065512,
      "dipole_moment": null
    },
    "Benzene (planar)": {
      "center_of_mass": [
        -6.472562168665607e-07,
        -4.587778835825733e-07,
        2.4764290421516255e-06
      ],
      "principal_moments": [
        177.45155894602095,
        88.72583120592981,
        88.72572774092056
      ],
      "principal_axes": [
        [
          0.019648489533905397,
          0.883999718275599,
          -0.46707433556950817
        ],
        [
          0.00661014533889126,
          -0.46726916924456835,
          -0.8840903966518866
        ],
        [
          0.999785098327453,
          -0.014283611663460483,
          0.015024499998758878
        ]
      ],
      "asphericity": 0.24999999999824726,
      "eccentricity": 0.7071069873279107,
      "radius_of_gyration": 1.5072159134800842,
      "max_distance": 4.963113138725181,
      "molecular_diameter": 7.863113138725181,
      "molecular_volume": 83.44000000000003,
      "surface_area": 244.8557314207885,
      "dipole_moment": null
    },
    "Octane (linear)": {
      "center_of_mass": [
        0.004514918087199572,
        -0.014570698124811923,
        0.017310374356200253
      ],
      "principal_moments": [
        879.4546249558871,
        838.5108999339336,
        79.66550636143826
      ],
      "principal_axes": [
        [
          -0.08313286636362795,
          -0.09753894071206701,
          0.9917535387256933
        ],
        [
          0.23505362932751073,
          0.9651992755197383,
          0.11463049278502582
        ],
        [
          0.9684207339117294,
          -0.24264483011377047,
          0.057312900370920634
        ]
      ],
      "asphericity": 0.23384466250318395,
      "eccentricity": 0.9536324637289978,
      "radius_of_gyration": 2.8050550580420386,
      "max_distance": 9.960606233271788,
      "molecular_diameter": 12.668298540964095,
      "molecular_volume": 145.52000000000004,
      "surface_area": 462.19111119613046,
      "dipole_moment": null
    },
    "Vanillin": {
      "center_of_mass": [
        -0.08778028505778,
        0.011784841185297672,
        -0.027622934528416423
      ],
      "principal_moments": [
        881.9129926625308,
        569.6572643540932,
        315.5484216369193
      ],
      "principal_axes": [
        [
          -0.2985929744985771,
          -0.7015582656083534,
          0.6470380479822582
        ],
        [
          0.01276112036201682,
          0.6749710276316016,
          0.7377338718433942
        ],
        [
          0.9542952317743173,
          -0.2285390815911772,
          0.19258893737248511
        ]
      ],
      "asphericity": 0.24860251604705863,
      "eccentricity": 0.8013738537345824,
      "radius_of_gyration": 2.409812816018223,
      "max_distance": 7.3062872547966125,
      "molecular_diameter": 10.228392517954507,
      "molecular_volume": 136.90400000000002,
      "surface_area": 391.79932956273603,
      "dipole_moment": null
    }
  },
  "metadata": {
    "description": "3D geometric properties of example molecules"
  }
}