{
  "timestamp": "20251105_122812",
  "equivalence_achieved": false,
  "convergence": {
    "mean_final_variance": 31665530.732716735,
    "variance_spread": 54846306.86523384,
    "relative_spread": 1.7320507692791263,
    "final_variances": {
      "Visual Processing": 0.5486149828479248,
      "Spectral Analysis": 126662120.83081546,
      "Semantic Embedding": 0.9999999997306714,
      "Hardware Sampling": 0.5514364950939626
    }
  },
  "statistical_tests": {
    "f_statistic": 4.0108231690071955e+17,
    "p_value": 0.0,
    "equivalence_hypothesis": false
  },
  "pathways": [
    "Visual Processing",
    "Spectral Analysis",
    "Semantic Embedding",
    "Hardware Sampling"
  ]
}