{
  "timestamp": "20251105_124315",
  "equivalence_achieved": false,
  "convergence": {
    "mean_final_variance": 31967493.79812167,
    "variance_spread": 55369322.232233986,
    "relative_spread": 1.7320507695065965,
    "final_variances": {
      "Visual Processing": 0.5523502969235832,
      "Spectral Analysis": 127869973.08500394,
      "Semantic Embedding": 0.9999999997315696,
      "Hardware Sampling": 0.5551324297284189
    }
  },
  "statistical_tests": {
    "f_statistic": 4.087682459275948e+17,
    "p_value": 0.0,
    "equivalence_hypothesis": false
  },
  "pathways": [
    "Visual Processing",
    "Spectral Analysis",
    "Semantic Embedding",
    "Hardware Sampling"
  ]
}