{
  "metadata": {
    "experiment": "Categorical FTL Validation",
    "timestamp": "20251114_195641",
    "basis": "Gibbs Paradox Categorical State Theory",
    "mechanism": "Categorical prediction via phase-lock network completion"
  },
  "results": [
    {
      "experiment_name": "Short Range (1 meter)",
      "ftl_achieved": false,
      "ftl_ratio": 8.46609498558448e-05,
      "v_effective": 25380.714253898455,
      "prediction_time_ns": 39399.994420818985,
      "light_travel_time_ns": 3.3356409519815204,
      "speedup": 8.466094985584478e-05,
      "delta_C_target": 50.0,
      "delta_C_actual": 0.6277304649100992,
      "prediction_error": 20.884172921660003,
      "match_quality": 8.513711728285778e-10,
      "confidence": 0.3487551292221371,
      "equivalent_distance_m": 1.0
    },
    {
      "experiment_name": "Medium Range (10 meters)",
      "ftl_achieved": false,
      "ftl_ratio": 0.0012587325269888241,
      "v_effective": 377358.5182305309,
      "prediction_time_ns": 26499.99805726111,
      "light_travel_time_ns": 33.3564095198152,
      "speedup": 0.0012587325269888241,
      "delta_C_target": 100.0,
      "delta_C_actual": 0.5319397382897887,
      "prediction_error": 47.839476243151076,
      "match_quality": 1.673321728285424e-21,
      "confidence": 0.21153067860526753,
      "equivalent_distance_m": 10.0
    },
    {
      "experiment_name": "Long Range (100 meters)",
      "ftl_achieved": false,
      "ftl_ratio": 0.006579174363808348,
      "v_effective": 1972386.854136691,
      "prediction_time_ns": 50699.993153102696,
      "light_travel_time_ns": 333.564095198152,
      "speedup": 0.006579174363808348,
      "delta_C_target": 150.0,
      "delta_C_actual": 1.1263127673361306,
      "prediction_error": 77.78517699504974,
      "match_quality": 1.6532055598736628e-34,
      "confidence": 0.12852011394142557,
      "equivalent_distance_m": 100.0
    },
    {
      "experiment_name": "Very Long Range (1 km)",
      "ftl_achieved": false,
      "ftl_ratio": 0.15093392366196043,
      "v_effective": 45248851.97020348,
      "prediction_time_ns": 22100.008209235966,
      "light_travel_time_ns": 3335.6409519815206,
      "speedup": 0.15093392366196046,
      "delta_C_target": 200.0,
      "delta_C_actual": 0.5949207129454515,
      "prediction_error": 107.53622810512871,
      "match_quality": 1.9843100375719414e-47,
      "confidence": 0.07781778783592179,
      "equivalent_distance_m": 1000.0
    }
  ],
  "summary": {
    "total_experiments": 4,
    "ftl_achieved_count": 0,
    "avg_ftl_ratio": 0,
    "avg_speedup": 0
  }
}