{
  "metadata": {
    "experiment": "Categorical FTL Validation",
    "timestamp": "20251114_200608",
    "basis": "Gibbs Paradox Categorical State Theory",
    "mechanism": "Categorical prediction via phase-lock network completion"
  },
  "results": [
    {
      "experiment_name": "Short Range (1 meter)",
      "ftl_achieved": false,
      "ftl_ratio": 0.00019506672233810058,
      "v_effective": 58479.53216374268,
      "prediction_time_ns": 17100.000000000004,
      "light_travel_time_ns": 3.3356409519815204,
      "speedup": 0.00019506672233810058,
      "delta_C_target": 50.0,
      "delta_C_actual": 0.280018016142779,
      "prediction_error": 20.14485821947221,
      "match_quality": 1.7831966375739325e-09,
      "confidence": 0.3487551292221371,
      "equivalent_distance_m": 1.0
    },
    {
      "experiment_name": "Medium Range (10 meters)",
      "ftl_achieved": false,
      "ftl_ratio": 0.001509339797276706,
      "v_effective": 452488.6877828054,
      "prediction_time_ns": 22100.000000000004,
      "light_travel_time_ns": 33.3564095198152,
      "speedup": 0.001509339797276706,
      "delta_C_target": 100.0,
      "delta_C_actual": 1.6390893250606724,
      "prediction_error": 48.177719067208955,
      "match_quality": 1.193115419445315e-21,
      "confidence": 0.21153067860526753,
      "equivalent_distance_m": 10.0
    },
    {
      "experiment_name": "Long Range (100 meters)",
      "ftl_achieved": false,
      "ftl_ratio": 0.018030491632332543,
      "v_effective": 5405405.405405405,
      "prediction_time_ns": 18500.000000000004,
      "light_travel_time_ns": 333.564095198152,
      "speedup": 0.01803049163233254,
      "delta_C_target": 150.0,
      "delta_C_actual": 0.2903994277131258,
      "prediction_error": 76.66629970481135,
      "match_quality": 5.061148617203359e-34,
      "confidence": 0.12852011394142557,
      "equivalent_distance_m": 100.0
    },
    {
      "experiment_name": "Very Long Range (1 km)",
      "ftl_achieved": false,
      "ftl_ratio": 0.1710585103580267,
      "v_effective": 51282051.28205128,
      "prediction_time_ns": 19500.0,
      "light_travel_time_ns": 3335.6409519815206,
      "speedup": 0.1710585103580267,
      "delta_C_target": 200.0,
      "delta_C_actual": 3.6860921910694815,
      "prediction_error": 106.71978746466485,
      "match_quality": 4.489367871813614e-47,
      "confidence": 0.07781778783592179,
      "equivalent_distance_m": 1000.0
    }
  ],
  "summary": {
    "total_experiments": 4,
    "ftl_achieved_count": 0,
    "avg_ftl_ratio": 0,
    "avg_speedup": 0
  }
}